id,location,meanEngProf,meanEngFreq,meanArbProf,meanArbFreq,engReadProf,engReadFreq,arbReadProf,arbReadFreq,hand,experimenter,age,sex,primaryLang,hand2,lang1,lang2,lang3,engComp,arabicComp,radius,angle,cols,col1,pch,engMinusArabic,group2
j1,jesup,2.33333333,2.5,0,0,3,3,0,0,5,Riwa & Rayan,38,Male,English,Right,chinese,english,German,0.679166667,0,0.679166667,0,#3A9AB2,#666666,24,0.679166667,1. English
j2,jesup,4,3.5,3,2,4,4,3,1,5,Riwa ,22,Female,English,Right,English,Arabic,French,0.9625,0.525,1.096371858,28.61045967,#90B9B6,#666666,21,0.4375,1. English
j3,jesup,4,4,2,2.25,4,4,1,1,5,Riwa,35,Female,English,Right,english,french,arabic,1,0.39375,1.074727436,21.49204003,#60ABBC,#666666,21,0.60625,1. English
j4,jesup,4,3,4,1.5,4,3,4,1,5,Riwa,21,Female,English,Right,Arabic,English,,0.85,0.5875,1.033274528,34.65131591,#B2C590,#666666,21,0.2625,2. Bilingual
j5,jesup,4,3.5,4,2.5,4,4,4,2,4.5,Riwa,26,Female,English,Right,Arabic,English,French,0.9625,0.7375,1.212564431,37.46055486,#B9C785,#666666,21,0.225,2. Bilingual
j6,jesup,4,4,4,4,4,4,4,4,5,Rayan,21,Female,English,Right,Arabic ,English,,1,1,1.414213562,45,#E3B40F,#666666,21,0,2. Bilingual
j7,jesup,4,2.75,3.33333333,2,4,3,3,0,4.5,Riwa,23,Female,English,Right,English,Arabic,French,0.83125,0.466666667,0.953286075,29.31000706,#95BBB1,#666666,21,0.364583334,1. English
j8,jesup,4,3.25,3.33333333,3,4,3,3,3,5,Riwa & Rayan,19,Female,English,Right,english,arabic,french,0.86875,0.766666667,1.158664895,41.42820966,#DDC63F,#666666,21,0.102083334,2. Bilingual
j9,jesup,3,2.75,2,2,3,3,2,1,5,Riwa,23,Female,English,Right,English,Arabic,French,0.73125,0.425,0.845784584,30.16500781,#9ABDAC,#666666,21,0.30625,1. English
j10,jesup,4,4,2,2,4,4,1,1,5,Riwa & Rayan,21,Female,English,Right,English,Arabic,Spanish,1,0.375,1.068000468,20.55604522,#5AA8BB,#666666,21,0.625,1. English
j11,jesup,4,3.75,1.66666667,1.25,4,4,1,1,5,Rayan,21,Male,English,Right,French,English,Arabic,0.98125,0.302083334,1.026696597,17.11127676,#50A4B8,#666666,21,0.679166667,1. English
j13,jesup,1,1.5,4,4,1,2,4,4,5,Rayan,33,Male,Arabic,Right,arabic,francais,english,0.3625,1,1.06367582,70.07441934,#F03101,#666666,21,-0.6375,3. Arabic
j14,jesup,4,3.75,2,1.75,4,4,2,1,4.5,Rayan,23,Male,English,Right,English,Spanish,Arabic,0.98125,0.40625,1.062021951,22.49017803,#68AFBF,#666666,21,0.575,1. English
j15,jesup,3,3,3.66666667,2.75,3,3,4,2,5,Rayan,19,Female,English,Right,Arabic,English,Japanese,0.75,0.739583334,1.05332023,44.59933675,#E3B60F,#666666,21,0.010416666,2. Bilingual
j16,jesup,4,3,4,3,4,3,4,3,3,Riwa,19,Female,English,Right,Arabic,English,,0.85,0.85,1.202081528,45,#E3B40F,#666666,21,0,2. Bilingual
j17,jesup,4,3.5,3,1.25,4,4,2,1,4.75,Riwa,23,Female,English,Right,English,Arabic,French,0.9625,0.41875,1.049646518,23.51216866,#71B2C0,#666666,21,0.54375,1. English
j20,jesup,4,3.5,4,2.5,4,4,4,2,5,Riwa,19,Female,English,Right,arabic,english,,0.9625,0.7375,1.212564431,37.46055486,#B9C785,#666666,21,0.225,2. Bilingual
j21,jesup,4,3,3.66666667,1.75,4,4,4,1,5,Riwa,18,Female,English,Right,English,Arabic,Korean,0.925,0.589583334,1.096920009,32.51292265,#A3C1A4,#666666,21,0.335416667,1. English
j22,jesup,4,4,2,1.5,4,4,2,1,4.5,Riwa,24,Female,English,Right,English,Arabic,French,1,0.3875,1.072453379,21.1813495,#5EAABC,#666666,21,0.6125,1. English
j23,jesup,4,2.5,4,2.5,4,3,4,2,4.75,Riwa,18,Female,English,Right,English,Arabic,French,0.8125,0.7375,1.097297817,42.2297842,#DEC336,#666666,21,0.075,2. Bilingual
j24,jesup,4,3.5,3.66666667,2.25,4,4,4,2,5,Rayan,43,Female,English,Right,English,Arabic,French,0.9625,0.702083334,1.191355219,36.10840362,#B5C68B,#666666,21,0.260416667,2. Bilingual
j25,jesup,3.66666667,2.25,4,4,4,3,4,4,5,Riwa,21,Male,English,Right,arabic ,english ,german,0.777083334,1,1.266435355,52.14981613,#E79205,#666666,21,-0.222916667,3. Arabic
j26,jesup,4,1.25,3.66666667,1.25,4,1,4,1,5,Rayan ,22,Male,English,Right,Italian,French,English,0.56875,0.552083334,0.792636468,44.14808094,#E2B917,#666666,21,0.016666666,2. Bilingual
j27,jesup,4,4,4,4,4,4,4,4,5,Riwa,23,Male,English,Right,English,Arabic,,1,1,1.414213562,45,#E3B40F,#666666,21,0,2. Bilingual
j28,jesup,2.66666667,3,1.66666667,2,3,3,1,1,5,Riwa,20,Female,English,Right,english,french,arabic,0.733333334,0.358333334,0.816198846,26.0418166,#83B6BA,#666666,21,0.375,1. English
j29,jesup,4,2.5,3.33333333,2,4,3,3,1,4.75,Riwa,21,Male,English,Right,Arabic,English,French,0.8125,0.541666667,0.97650347,33.69006752,#AAC39A,#666666,21,0.270833334,1. English
j30,jesup,3.33333333,2.5,3.33333333,1.75,4,3,3,1,4.75,Riwa,24,Female,English,Right,Arabic,English,French,0.779166667,0.522916667,0.938372279,33.86647023,#ACC398,#666666,21,0.25625,1. English
j31,jesup,4,3,4,2,4,3,4,2,4.5,Riwa,22,Female,English,Right,english,arabic,french,0.85,0.7,1.101135777,39.47245985,#CCC967,#666666,21,0.15,2. Bilingual
j33,jesup,3.66666667,3,3,2,4,4,3,1,5,Riwa,18,Male,English,Right,English,French,Arabic,0.908333334,0.525,1.049139859,30.02712423,#99BDAE,#666666,21,0.383333334,1. English
j34,jesup,4,2.75,3.66666667,2.5,4,3,4,2,5,Riwa,22,Female,English,Right,arabic,english,french,0.83125,0.720833334,1.100262358,40.93078,#DCCB4E,#666666,21,0.110416667,2. Bilingual
j35,jesup,4,4,4,4,4,4,4,4,5,Riwa,20,Female,Arabic,Right,اللغة الإنجليزيّة,اللغة العربيّة,اللغة الفرنسيّة,1,1,1.414213562,45,#E3B40F,#666666,21,0,2. Bilingual
j36,jesup,4,2.5,4,2,4,3,4,1,5,Rayan,23,Female,English,Right,Arabic,English,French ,0.8125,0.625,1.025076217,37.56859203,#BCC782,#666666,21,0.1875,2. Bilingual
j37,jesup,3.66666667,2,3.66666667,2.25,4,2,4,2,5,Rayan ,18,Male,English,Right,french,arabic,english,0.683333334,0.702083334,0.979727233,45.77538426,#E3B00D,#666666,21,-0.01875,2. Bilingual
j38,jesup,3.33333333,4,3,3.25,3,4,3,4,5,Rayan,19,Female,English,Right,arabic,english,french,0.916666667,0.84375,1.245869913,42.62815782,#DFC02C,#666666,21,0.072916667,2. Bilingual
j39,jesup,4,2.5,3,1.25,4,2,3,1,4.75,Rayan,19,Female,English,Right,English,Arabic,,0.7375,0.46875,0.873860866,32.4397629,#A2C0A5,#666666,21,0.26875,1. English
j40,jesup,4,2.75,4,2.25,4,3,4,2,5,Riwa & Rayan,29,Female,English,Right,Arabic,English,French,0.83125,0.71875,1.098898596,40.84871473,#D8CA53,#666666,21,0.1125,2. Bilingual
j42,jesup,4,4,4,4,4,4,4,4,4.25,Rayan & Riwa,24,Male,English,Right,English,French,Arabic,1,1,1.414213562,45,#E3B40F,#666666,21,0,2. Bilingual
j43,jesup,4,2.5,4,2.5,4,3,4,2,5,Riwa,22,Female,English,Right,English,Arabic,French,0.8125,0.7375,1.097297817,42.2297842,#DEC336,#666666,21,0.075,2. Bilingual
j44,jesup,3.33333333,4,3.66666667,4,4,4,4,4,5,Riwa,27,Female,Arabic,Right,الأوكرانية,الانكليزية,العربية,0.966666667,0.983333334,1.378908586,45.4896956,#E3B30E,#666666,21,-0.016666667,2. Bilingual
j46,jesup,1.33333333,0.75,4,3.75,2,0,4,4,3,Rayan ,53,Male,Arabic ,Left,العربية,الفرنسية,الانجليزية,0.222916667,0.98125,1.006252157,77.20099188,#F01F00,#666666,21,-0.758333334,3. Arabic
j47,jesup,0,0,4,4,0,0,4,4,5,Riwa & Rayan,61,Male,Arabic,Right,العربية,,,0,1,1,90,#F11B00,#666666,21,-1,3. Arabic
j49,jesup,2.66666667,1,3,3.75,3,1,3,4,5,Riwa,40,Female,Arabic,Right,العربية ,الانكليزية ,,0.433333334,0.88125,0.982028177,63.81546547,#EE5A03,#666666,21,-0.447916667,3. Arabic
j50,jesup,2.33333333,1,4,4,3,1,4,4,5,Riwa,59,Male,Arabic,Right,العربية,الفرنسية,الانكليزية,0.416666667,1,1.083333333,67.38013506,#EF4101,#666666,21,-0.583333334,3. Arabic
j51,jesup,2.66666667,2,4,4,3,3,4,4,5,Rayan ,40,Female,Arabic,Right,العربيّة ,الانكليزيّة,الفرنسيّة,0.658333334,1,1.197248002,56.6417576,#EB7B05,#666666,21,-0.341666667,3. Arabic
j52,jesup,3.66666667,2,4,3.5,4,2,4,4,4.75,Riwa,53,Female,Arabic,Right,العربية,الفرنسية,الانكليزية,0.683333334,0.9625,1.180402768,54.62689723,#EA8305,#666666,21,-0.279166667,3. Arabic
j54,jesup,2,2.25,4,4,2,2,4,4,4.5,Rayan,30,Male,Arabic,Right,عربية,انكليزية,,0.51875,1,1.126544079,62.58197294,#EE5E03,#666666,21,-0.48125,3. Arabic
j55,jesup,4,3.5,4,2.75,4,4,4,3,5,Rayan ,22,Female,English,Right,arabic,english,turkish,0.9625,0.83125,1.271763662,40.81508387,#D7CA55,#666666,21,0.13125,2. Bilingual
j56,jesup,2.66666667,3,2.66666667,1.5,3,3,3,1,5,Rayan ,18,Female,English,Right,English,Arabic,,0.733333334,0.470833334,0.871471059,32.70230713,#A5C2A2,#666666,21,0.2625,1. English
j57,jesup,2.33333333,0.75,4,3.75,3,0,4,4,4.5,Rayan,20,Male,Arabic,Right,arabic,english,french,0.322916667,0.98125,1.033018265,71.78429417,#F02400,#666666,21,-0.658333334,3. Arabic
j58,jesup,4,2.75,3,2.5,4,3,3,3,5,Rayan ,22,Male,English,Right,English,Arabic,French,0.83125,0.7125,1.094820904,40.60129465,#D6CA57,#666666,21,0.11875,2. Bilingual
j59,jesup,4,3.5,2.66666667,1.25,4,4,3,1,5,Rayan,21,Female,English,Right,english,arabic,french,0.9625,0.452083334,1.063384028,25.15930192,#7FB5BB,#666666,21,0.510416667,1. English
j60,jesup,4,4,2.33333333,2.5,4,4,2,1,5,Rayan,20,Female,English,Right,English,French,Arabic,1,0.479166667,1.108873615,25.60218754,#80B6BB,#666666,21,0.520833334,1. English
j61,jesup,3,3,1.33333333,1.75,3,3,1,1,4.75,Rayan,23,Male,English,Right,English,Arabic,French,0.75,0.322916667,0.816563025,23.29456324,#6EB1C0,#666666,21,0.427083334,1. English
j62,jesup,2.33333333,1,4,4,3,0,4,4,5,Rayan,44,Female,Arabic,Right,عربي,فرنسي,انكليزي,0.341666667,1,1.056757357,71.13641245,#F02B00,#666666,21,-0.658333334,3. Arabic
j63,jesup,2,2,3.33333333,3,2,2,3,3,5,Rayan,42,Male,Arabic,Right,arabic,english,,0.5,0.766666667,0.915302014,56.88865803,#EB7A05,#666666,21,-0.266666667,3. Arabic
j64,jesup,1,1.75,4,4,1,2,4,4,5,Rayan + Lynn ,51,Male,Arabic,Right,arabic,french,english,0.38125,1,1.07021099,69.13065221,#F03801,#666666,21,-0.61875,3. Arabic
j65,jesup,1.66666667,1,4,4,2,1,4,4,5,Rayan + Sabine + Ibrahim ,43,Male,Arabic,Right,arabic,englich,v dotsh,0.333333334,1,1.054092553,71.56505117,#F02600,#666666,21,-0.666666667,3. Arabic
j66,jesup,2.66666667,2.75,4,3.25,3,4,4,4,5,Rayan,40,Male,Arabic,Right,arabic,anglais,francais,0.789583334,0.94375,1.230490107,50.08264452,#E69805,#666666,21,-0.154166667,3. Arabic
j67,jesup,3,2,4,3.75,4,2,4,3,5,Rayan,29,Male,Arabic,Right,العربية,الانجليزية,,0.65,0.90625,1.115252914,54.35034363,#EA8405,#666666,21,-0.25625,3. Arabic
j68,jesup,2,1.75,3.66666667,4,2,2,4,4,3,Rayan,39,Male,Arabic,Right,arabic,english,,0.48125,0.983333334,1.09478126,63.92256071,#EE5803,#666666,21,-0.502083334,3. Arabic
j69,jesup,3,1.25,4,3,4,2,4,3,5,Rayan,46,Male,Arabic,Right,عربي,فرنسي,انجليزي,0.59375,0.85,1.036840905,55.06456821,#EA8105,#666666,21,-0.25625,3. Arabic
j70,jesup,4,2,4,4,4,2,4,4,5,Rayan,43,Male,Arabic,Right,عربي,انجليزي,,0.7,1,1.220655562,55.0079798,#EA8205,#666666,21,-0.3,3. Arabic
j71,jesup,3,1.25,4,3.25,4,1,4,3,5,Rayan,35,Male,Arabic,Right,arabic,french,english,0.51875,0.86875,1.011843923,59.15763265,#EC6E04,#666666,21,-0.35,3. Arabic
j72,jesup,2,1.25,4,4,2,1,4,4,5,Rayan,45,Male,Arabic,Right,arabic,english,,0.36875,1,1.065822013,69.75854753,#F03401,#666666,21,-0.63125,3. Arabic
j74,jesup,1.33333333,1,3.33333333,4,2,1,3,4,5,Rayan + Ibrahim ,48,Male,Arabic,Right,arabic,english,,0.316666667,0.916666667,0.969822435,70.9422955,#F02D00,#666666,21,-0.6,3. Arabic
j76,jesup,2,1.25,4,4,3,1,4,4,5,Ibrahim,37,Male,Arabic,Right,arabic,english,,0.41875,1,1.084136321,67.27850185,#EF4402,#666666,21,-0.58125,3. Arabic
j77,jesup,3,1.75,4,3,4,2,4,3,5,Rayan & Sabine ,35,Male,Arabic,Right,arabic,english,french,0.63125,0.85,1.058761806,53.40068254,#E88D05,#666666,21,-0.21875,3. Arabic
j78,jesup,2.66666667,1.75,4,4,3,2,4,4,5,Sabine,50,Male,Arabic,Right,Arabic,English,,0.564583334,1,1.148370298,60.55165136,#ED6A04,#666666,21,-0.435416667,3. Arabic
j80,jesup,2,1.5,3,3,3,2,3,3,3.5,Sabine,48,Male,Arabic,Right,Arabic,French,English,0.5125,0.75,0.908381115,55.6539026,#EB7F05,#666666,21,-0.2375,3. Arabic
j81,jesup,2,1,4,4,3,1,4,4,5,Sabine,45,Male,Arabic,Right,arabic,en,fr,0.4,1,1.077032961,68.19859051,#EF3B01,#666666,21,-0.6,3. Arabic
j82,jesup,3,2,4,3.5,3,2,4,4,5,Rayan ,49,Male,Arabic,Right,arabic,english,,0.6,0.9625,1.134198506,58.06155108,#EC7604,#666666,21,-0.3625,3. Arabic
j83,jesup,2.66666667,2.25,3.66666667,2.5,3,3,4,2,5,Rayan ,35,Male,Arabic,Right,arabic,english,french,0.677083334,0.720833334,0.98896033,46.7925764,#E5A509,#666666,21,-0.04375,3. Arabic
j85,jesup,2.66666667,1.25,4,4,3,1,4,4,5,Rayan ,38,Male,Arabic,Right,arabic,english,,0.452083334,1,1.097442181,65.67306707,#EF4D02,#666666,21,-0.547916667,3. Arabic
j86,jesup,3.33333333,2,3.66666667,3.75,3,2,4,4,5,Rayan ,41,Male,Arabic,Right,arabic,english,french,0.616666667,0.964583334,1.144857539,57.4088586,#EC7904,#666666,21,-0.347916667,3. Arabic
j87,jesup,4,2.25,4,4,4,2,4,4,5,Rayan,34,Female,Arabic,Right,arabic,french,english,0.71875,1,1.231503781,54.2933086,#E98705,#666666,21,-0.28125,3. Arabic
j88,jesup,2,1.25,4,3.5,2,1,4,3,5,Rayan ,40,Female,Arabic,Right,arabic,english,,0.36875,0.8875,0.961058173,67.43745947,#EF3F01,#666666,21,-0.51875,3. Arabic
j90,jesup,2.33333333,2.25,4,3,3,3,4,3,4.5,Rayan ,33,Male,Arabic,Right,arabic,english,,0.660416667,0.85,1.076406138,52.15419431,#E89105,#666666,21,-0.189583334,3. Arabic
j91,jesup,2,1.75,4,4,2,2,4,4,5,Rayan ,47,Male,Arabic,Right,arabic,english,french,0.48125,1,1.109775456,64.30081408,#EF5402,#666666,21,-0.51875,3. Arabic
j92,jesup,2.33333333,1.25,4,3.5,3,2,4,4,5,Rayan,30,Male,Arabic,Right,arabic,english,,0.510416667,0.9625,1.089463824,62.06285718,#EE6103,#666666,21,-0.452083334,3. Arabic
j93,jesup,4,2,4,2.25,4,3,4,2,5,Rayan,25,Male,Arabic,Right,arabic,english,,0.775,0.71875,1.056989386,42.84343733,#E0BE28,#666666,21,0.05625,2. Bilingual
j94,jesup,1.66666667,1,4,3.75,2,1,4,4,5,Rayan,52,Male,Arabic,Right,arabic,german,english,0.333333334,0.98125,1.036321704,71.23723401,#F02800,#666666,21,-0.647916667,3. Arabic
j96,jesup,2,2,3.66666667,4,2,2,4,4,5,Rayan,38,Male,Arabic,Right,arabic,english,,0.5,0.983333334,1.10315205,63.04782107,#EE5D03,#666666,21,-0.483333334,3. Arabic
j97,jesup,2.66666667,1.5,4,3.25,3,1,4,3,5,Sabine,36,Male,Arabic ,Right,arabic,english,,0.470833334,0.86875,0.988134905,61.54379411,#ED6503,#666666,21,-0.397916667,3. Arabic
j98,jesup,2.33333333,2.25,4,4,2,2,4,4,5,Sabine,49,Male,Arabic,Right,arabic,rassion,english,0.535416667,1,1.134315215,61.83466131,#ED6403,#666666,21,-0.464583334,3. Arabic
j99,jesup,1,1.25,4,3,1,1,4,3,5,Sabine,40,Male,Arabic,Right,arabic,english,french,0.26875,0.85,0.891474376,72.45427125,#F02100,#666666,21,-0.58125,3. Arabic
j100,jesup,2.33333333,1.25,4,4,2,2,4,4,5,Rayan,40,Male,Arabic,Right,arabic,english,,0.460416667,1,1.100901225,65.277869,#EF4F02,#666666,21,-0.539583334,3. Arabic
j101,jesup,3.33333333,1.75,4,4,3,2,4,4,5,Sabine,36,Male,Arabic,Right,arabic,english,,0.597916667,1,1.165119882,59.12409342,#EC7004,#666666,21,-0.402083334,3. Arabic
j102,jesup,3.33333333,2.5,4,3,4,2,4,3,5,Sabine,46,Male,Arabic,Right,Arabic,French,English,0.704166667,0.85,1.103789244,50.36058344,#E79705,#666666,21,-0.145833334,3. Arabic
j103,jesup,1.33333333,1.5,4,4,2,2,4,4,5,Rayan + Lynn ,42,Male,Arabic,Right,arabic,french,english,0.429166667,1,1.0882022,66.77260317,#EF4602,#666666,21,-0.570833334,3. Arabic
j104,jesup,3.66666667,2.5,4,3.5,4,3,4,3,5,Rayan + Lynn ,46,Male,Arabic,Right,arabic,english,french,0.795833334,0.8875,1.192059959,48.11698859,#E69E07,#666666,21,-0.091666667,3. Arabic
j106,jesup,2.33333333,1,4,4,3,2,4,4,5,Rayan,34,Female,Arabic,Right,arabic,english,french,0.491666667,1,1.114332137,63.81819248,#EE5903,#666666,21,-0.508333334,3. Arabic
j107,jesup,3,1.75,4,4,3,2,4,4,5,Rayan,35,Male,Arabic,Right,arabic,english,,0.58125,1,1.156655334,59.83270439,#ED6D04,#666666,21,-0.41875,3. Arabic
j108,jesup,2.33333333,2,4,4,4,2,4,4,5,Rayan,31,Male,Arabic,Right,arabic,english,,0.616666667,1,1.174852236,58.33924891,#EC7404,#666666,21,-0.383333334,3. Arabic
j109,jesup,1,0.5,4,4,1,1,4,4,5,Rayan,33,Female,Arabic,Right,arabic,english,,0.2125,1,1.022328837,78.00310069,#F01D00,#666666,21,-0.7875,3. Arabic
j110,jesup,3.33333333,1.25,4,3.75,4,1,4,4,4.5,Rayan,35,Male,Arabic,Right,arabic,english,turkish,0.535416667,0.98125,1.117820455,61.38101799,#ED6603,#666666,21,-0.445833334,3. Arabic
j111,jesup,2,1,4,4,2,1,4,4,5,Rayan,46,Male,Arabic,Right,arabic,english,,0.35,1,1.059481005,70.70995378,#F02F01,#666666,21,-0.65,3. Arabic
j112,jesup,3.33333333,2.5,4,3.25,4,3,4,2,5,Rayan,28,Male,Arabic,Right,arabic,english,,0.779166667,0.79375,1.112267844,45.53120393,#E3B20E,#666666,21,-0.014583334,2. Bilingual
j113,jesup,3.66666667,2.25,4,3,4,3,4,3,5,Rayan,42,Male,Arabic,Right,arabic,english,french,0.777083334,0.85,1.15167639,47.56595573,#E5A008,#666666,21,-0.072916667,3. Arabic
j114,jesup,2.66666667,1.75,4,3,4,3,4,3,5,Rayan + Lynn ,23,Male,Arabic,Right,arabic,english,,0.689583334,0.85,1.094543363,50.94846094,#E79605,#666666,21,-0.160416667,3. Arabic
j115,jesup,1.66666667,1.5,4,4,2,1,4,4,5,Rayan + Lynn ,47,Male,Arabic,Right,arabic,english,,0.370833334,1,1.066544589,69.65354059,#F03601,#666666,21,-0.629166667,3. Arabic
j116,jesup,2,2,3,3,2,2,3,3,5,Lynn,42,Male,Arabic,Right,arabic,english,,0.5,0.75,0.901387819,56.30993247,#EB7C05,#666666,21,-0.25,3. Arabic
j117,jesup,3,1.75,4,3.25,3,2,4,2,5,Lynn,40,Male,Arabic,Right,arabic,english,french,0.58125,0.79375,0.983814324,53.78529872,#E98805,#666666,21,-0.2125,3. Arabic
j118,jesup,4,1,4,4,4,1,4,4,5,Lynn,54,Male,Arabic,Right,arabic,french,english,0.55,1,1.141271221,61.18920626,#ED6904,#666666,21,-0.45,3. Arabic
j119,jesup,3,1.75,4,4,3,1,4,4,5,Rayan,42,Male,Arabic,Right,arabic,english,french,0.50625,1,1.120843014,63.14918671,#EE5C03,#666666,21,-0.49375,3. Arabic
j120,jesup,3.66666667,2.75,4,4,4,2,4,4,5,Sabine,27,Male,Arabic,Right,arabic,english,french,0.739583334,1,1.243777917,53.51398792,#E98A05,#666666,21,-0.260416667,3. Arabic
j121,jesup,2.33333333,1.75,4,4,3,2,4,4,5,Sabine,46,Male,Arabic,Right,arabic,english,french,0.547916667,1,1.140268685,61.2809308,#ED6803,#666666,21,-0.452083334,3. Arabic
j122,jesup,2.66666667,1.75,4,4,3,2,4,4,4.75,Sabine,36,Male,Arabic,Right,Arabic,English,French,0.564583334,1,1.148370298,60.55165136,#ED6A04,#666666,21,-0.435416667,3. Arabic
j123,jesup,2.33333333,1.5,4,4,3,2,4,4,5,Sabine,26,Male,Arabic,Right,arabic,FRENCH,ENGLISH,0.529166667,1,1.131378522,62.11369887,#EE6003,#666666,21,-0.470833334,3. Arabic
j124,jesup,3,1,3,3,3,1,3,3,5,Sabine,37,Male,Arabic,Right,Arabic,French,English,0.45,0.75,0.874642784,59.03624347,#EC7104,#666666,21,-0.3,3. Arabic
j125,jesup,2.66666667,1.75,4,4,3,2,4,4,5,Sabine,34,Male,Arabic,Right,arabic,english,franch,0.564583334,1,1.148370298,60.55165136,#ED6A04,#666666,21,-0.435416667,3. Arabic
j126,jesup,4,2.75,2.33333333,0.75,4,3,2,0,4,Riwa,19,Female,English,Right,English,French,Armenian,0.83125,0.272916667,0.874905749,18.1760841,#52A4B8,#666666,21,0.558333334,1. English
j127,jesup,4,3.5,4,2,4,4,4,1,5,Riwa,28,Female,English,Right,Arabic,English,French,0.9625,0.625,1.147619819,32.9977051,#A7C29F,#666666,21,0.3375,1. English
j128,jesup,4,3,3.66666667,2,4,3,4,2,5,Rayan,20,Female,English,Right,English,Arabic,French (basics),0.85,0.683333334,1.090616543,38.79655211,#C9C96D,#666666,21,0.166666667,2. Bilingual
j129,jesup,3.33333333,3,3,2,3,3,3,2,5,Riwa,20,Female,English,Right,arabic,english,french,0.766666667,0.6,0.973538791,38.04704254,#C0C87A,#666666,21,0.166666667,2. Bilingual
j130,jesup,2,1.75,4,4,3,2,4,4,4.5,Rayan,30,Male,Arabic,Right,arabic,english,french,0.53125,1,1.132354433,62.02052561,#ED6203,#666666,21,-0.46875,3. Arabic
j131,jesup,3.66666667,3.75,3.66666667,3.75,4,3,4,3,4,Riwa,21,Female,English,Right,Arabic,English,,0.889583334,0.889583334,1.258060815,45,#E3B40F,#666666,21,0,2. Bilingual
o1,online,4,4,3.333333333,2.75,4,4,3,2,4.75,,21,Female,,,,,,1,0.672916667,1.20532852,33.93726734,#AEC495,#AEC495,21,0.327083333,1. English
o2,online,3.666666667,3.5,2.666666667,2.25,4,4,3,2,4.75,,21,Female,,,,,,0.945833333,0.602083333,1.121206954,32.47935757,#A3C1A4,#A3C1A4,21,0.34375,1. English
o3,online,4,4,4,3,4,4,4,2,4.5,,20,Male,,,,,,1,0.775,1.265158093,37.77568431,#BEC87E,#BEC87E,21,0.225,2. Bilingual
o4,online,3.666666667,2.75,3.333333333,2.75,4,3,3,2,4.5,,20,Female,,,,,,0.814583333,0.672916667,1.056580734,39.55966797,#CDC965,#CDC965,21,0.141666667,2. Bilingual
o5,online,4,4,3.666666667,2.75,4,4,4,2,5,,19,Female,,,,,,1,0.739583333,1.243777917,36.48601207,#B6C689,#B6C689,21,0.260416667,2. Bilingual
o6,online,4,4,3,3.25,4,4,3,3,5,,19,Female,,,,,,1,0.76875,1.261339194,37.55128213,#BAC784,#BAC784,21,0.23125,2. Bilingual
o7,online,3.333333333,3.5,3,2.25,4,4,4,3,5,,18,Female,,,,,,0.929166667,0.74375,1.190174255,38.6754714,#C6C871,#C6C871,21,0.185416667,2. Bilingual
o8,online,4,4,2.666666667,2,4,4,3,0,5,,20,Female,,,,,,1,0.433333333,1.089852182,23.42869281,#70B2C0,#70B2C0,21,0.566666667,1. English
o9,online,4,4,4,3.75,4,4,4,4,4.25,,20,Female,,,,,,1,0.98125,1.401018045,44.45778484,#E2B712,#E2B712,21,0.01875,2. Bilingual
o11,online,3,3.5,2.333333333,2.75,3,4,2,2,4.75,,21,Female,,,,,,0.8625,0.572916667,1.035441817,33.59414834,#A9C39B,#A9C39B,21,0.289583333,1. English
o12,online,4,4,0,0,4,4,0,0,5,,21,Female,,,,,,1,0,1,0,#3A9AB2,#3A9AB2,21,1,1. English
o14,online,3.33333333,3,4,3.25,4,3,4,3,5,,21,Male,,,,,,0.816666667,0.86875,1.192338461,46.77001087,#E5A60A,#E5A60A,21,-0.052083334,3. Arabic
o15,online,4,4,2,2,4,4,2,1,5,,19,Female,,,,,,1,0.425,1.086565691,23.02549201,#6AAFBF,#6AAFBF,21,0.575,1. English
o16,online,4,4,4,2.75,4,4,4,2,5,,19,Male,,,,,,1,0.75625,1.25375997,37.09839406,#B8C687,#B8C687,21,0.24375,2. Bilingual
o17,online,4,4,4,4,4,4,4,4,5,,20,Female,,,,,,1,1,1.414213562,45,#E3B40F,#E3B40F,21,0,2. Bilingual
o18,online,3,3.75,2.33333333,2,3,4,3,1,4.5,,19,Male,,,,,,0.88125,0.491666667,1.009127184,29.15800522,#94BBB2,#94BBB2,21,0.389583334,1. English
o19,online,3,4,2,2.5,3,4,2,2,5,,19,Female,,,,,,0.9,0.5375,1.048287294,30.84658741,#9CBEAA,#9CBEAA,21,0.3625,1. English
o20,online,4,4,2.66666667,2,4,4,3,1,4.5,,18,Female,,,,,,1,0.508333334,1.121785531,26.94574844,#88B8B8,#88B8B8,21,0.491666667,1. English
o21,online,3.66666667,3.75,4,3,4,4,4,2,5,,19,Male,,,,,,0.964583334,0.775,1.237354439,38.78033561,#C7C96F,#C7C96F,21,0.189583334,2. Bilingual
o22,online,4,4,3,2.5,4,4,3,2,4.5,,18,Female,,,,,,1,0.6375,1.185920002,32.51751062,#A4C1A3,#A4C1A3,21,0.3625,1. English
o23,online,4,3.75,1.33333333,2.5,4,4,1,2,4.25,,19,Female,,,,,,0.98125,0.454166667,1.081258028,24.83682352,#77B4BE,#77B4BE,21,0.527083334,1. English
o24,online,4,3.75,2.33333333,2,4,4,3,1,5,,19,Female,,,,,,0.98125,0.491666667,1.097537094,26.61368934,#87B7B9,#87B7B9,21,0.489583334,1. English
o25,online,4,3.75,4,3.5,4,4,4,3,4.5,,19,Female,,,,,,0.98125,0.8875,1.323067577,42.12803751,#DEC438,#DEC438,21,0.09375,2. Bilingual
o26,online,3,4,2.33333333,2,3,4,2,1,5,,19,Female,,,,,,0.9,0.441666667,1.002531518,26.13906809,#84B7B9,#84B7B9,21,0.458333334,1. English
o27,online,3.33333333,3.75,3.33333333,3.5,4,4,3,3,5,,18,Male,,,,,,0.947916667,0.804166667,1.243072819,40.30966258,#D3CA5B,#D3CA5B,21,0.14375,2. Bilingual
o28,online,4,4,4,3.25,4,4,4,3,5,,19,Female,,,,,,1,0.86875,1.324660924,40.98247896,#DCC949,#DCC949,21,0.13125,2. Bilingual
o29,online,3.33333333,2.75,3,1.75,3,3,3,2,5,,19,Female,,,,,,0.747916667,0.58125,0.947222731,37.85287881,#BFC87C,#BFC87C,21,0.166666667,2. Bilingual
o30,online,4,4,2,1.5,4,4,1,0,5,,19,Male,,,,,,1,0.2625,1.033879224,14.7083039,#48A0B6,#48A0B6,21,0.7375,1. English
o31,online,4,4,4,4,4,4,4,4,4,,19,Female,,,,,,1,1,1.414213562,45,#E3B40F,#E3B40F,21,0,2. Bilingual
o32,online,3,3,4,4,3,3,4,4,5,,19,Female,,,,,,0.75,1,1.25,53.13010235,#E88F05,#E88F05,21,-0.25,3. Arabic
o33,online,3,3,3.66666667,3,3,4,4,2,5,,19,Male,,,,,,0.825,0.758333334,1.120577728,42.58897026,#DFC12F,#DFC12F,21,0.066666666,2. Bilingual
o34,online,4,4,3.33333333,2.75,4,4,3,2,4.5,,19,Female,,,,,,1,0.672916667,1.20532852,33.93726734,#ADC496,#ADC496,21,0.327083334,1. English
o35,online,4,3,4,3,4,2,4,2,5,,19,Female,,,,,,0.775,0.775,1.096015511,45,#E3B40F,#E3B40F,21,0,2. Bilingual
o36,online,2.66666667,3.5,3.66666667,3.75,3,4,4,4,4.75,,19,Female,,,,,,0.845833334,0.964583334,1.282908818,48.75280531,#E69A06,#E69A06,21,-0.11875,3. Arabic
o37,online,4,3.75,1.33333333,1,4,4,1,0,4.25,,18,Male,,,,,,0.98125,0.191666667,0.999793816,11.05237246,#429DB4,#429DB4,21,0.789583334,1. English
o38,online,3,3,2.66666667,2.5,3,3,3,3,4.5,,19,Male,,,,,,0.75,0.695833334,1.023075768,42.85447565,#E0BE25,#E0BE25,21,0.054166667,2. Bilingual
o39,online,4,2.25,3,3,4,2,3,2,5,,19,Female,,,,,,0.71875,0.675,0.986015498,43.20206814,#E1BC21,#E1BC21,21,0.04375,2. Bilingual
o40,online,3.66666667,4,1,1,4,4,1,1,5,,19,Female,,,,,,0.983333334,0.25,1.014615417,14.2645123,#469FB5,#469FB5,21,0.733333334,1. English
o42,online,2.66666667,2,4,2.75,3,2,4,2,4.5,,19,Female,,,,,,0.583333334,0.75625,0.955087347,52.35520668,#E89005,#E89005,21,-0.172916667,3. Arabic
o43,online,3,3,3,1.5,3,3,3,1,5,,18,Female,,,,,,0.75,0.4875,0.894514533,33.02386756,#A9C39D,#A9C39D,21,0.2625,1. English
o44,online,3,2.75,4,3.75,3,3,4,4,4.75,,19,Female,,,,,,0.73125,0.98125,1.223755746,53.30567621,#E88E05,#E88E05,21,-0.25,3. Arabic
o45,online,3,2.25,2.33333333,2.5,4,4,2,2,5,,19,Female,,,,,,0.81875,0.554166667,0.988661852,34.09190158,#B0C492,#B0C492,21,0.264583334,2. Bilingual
o46,online,4,4,4,3.5,4,4,4,4,4.5,,19,Female,,,,,,1,0.9625,1.387950377,43.90530941,#E1BA19,#E1BA19,21,0.0375,2. Bilingual
o47,online,4,4,1.33333333,1,4,4,1,1,4.5,,19,Female,,,,,,1,0.266666667,1.03494498,14.93141717,#4AA1B6,#4AA1B6,21,0.733333334,1. English
o48,online,4,4,4,4,4,4,4,4,5,,19,Male,,,,,,1,1,1.414213562,45,#E3B40F,#E3B40F,21,0,2. Bilingual
o49,online,3.66666667,3,3.33333333,2,4,3,3,1,5,,18,Female,,,,,,0.833333334,0.541666667,0.993905037,33.02386754,#A8C29E,#A8C29E,21,0.291666667,1. English
o50,online,3.66666667,3.5,2.33333333,2.25,4,4,2,2,4.25,,19,Female,,,,,,0.945833334,0.535416667,1.08686324,29.51330189,#97BCAF,#97BCAF,21,0.410416667,1. English
o51,online,3.66666667,4,2.33333333,2.25,4,4,2,1,5,,18,Male,,,,,,0.983333334,0.460416667,1.085784487,25.08994936,#7DB5BC,#7DB5BC,21,0.522916667,1. English
o52,online,4,4,3.66666667,3.5,4,4,4,3,4.5,,19,Female,,,,,,1,0.870833334,1.326028165,41.05043437,#DCC846,#DCC846,21,0.129166667,2. Bilingual
o53,online,3.33333333,3.5,4,3.75,4,3,4,4,4.25,,18,Female,,,,,,0.854166667,0.98125,1.300942834,48.96080972,#E69905,#E69905,21,-0.127083334,3. Arabic
o54,online,3.66666667,3.25,2,1.5,4,4,2,0,5,,18,Female,,,,,,0.927083334,0.3125,0.978335197,18.62786317,#54A5B9,#54A5B9,21,0.614583334,1. English
o55,online,4,4,2.66666667,2.25,4,4,3,2,4.75,,18,Female,,,,,,1,0.602083334,1.167263612,31.05144514,#9EBFA9,#9EBFA9,21,0.397916667,1. English
o56,online,4,4,2.66666667,2,4,4,3,2,5,,18,Male,,,,,,1,0.583333334,1.157703666,30.25643717,#9BBEAC,#9BBEAC,21,0.416666667,1. English
o57,online,3.66666667,4,3.66666667,3.75,4,4,4,4,4.75,,18,Male,,,,,,0.983333334,0.964583334,1.377448893,44.44850686,#E2B815,#E2B815,21,0.01875,2. Bilingual
o58,online,4,4,4,3,4,4,4,2,5,,18,Female,,,,,,1,0.775,1.265158093,37.77568431,#BEC87E,#BEC87E,21,0.225,2. Bilingual
o59,online,2.33333333,3.75,2.33333333,3,2,4,2,3,4.5,,18,Female,,,,,,0.797916667,0.666666667,1.039767018,39.87906487,#D0C961,#D0C961,21,0.13125,2. Bilingual
o60,online,3.33333333,2.75,2.66666667,1.75,4,3,4,2,5,,18,Male,,,,,,0.797916667,0.614583334,1.007166163,37.60472256,#BDC880,#BDC880,21,0.183333333,2. Bilingual
o61,online,2.66666667,2.5,4,4,3,3,4,4,4.5,,18,Male,,,,,,0.695833334,1,1.218270917,55.16851672,#EA8005,#EA8005,21,-0.304166667,3. Arabic
o62,online,3.33333333,3.5,4,4,4,4,4,4,4.75,,17,Female,,,,,,0.929166667,1,1.365046041,47.10278812,#E5A108,#E5A108,21,-0.070833334,3. Arabic
o63,online,4,3,4,3.5,4,3,4,3,3.5,,18,Female,,,,,,0.85,0.8875,1.228884148,46.2364076,#E4AB0B,#E4AB0B,21,-0.0375,2. Bilingual
o64,online,3,3,4,4,3,3,4,4,3.25,,18,Female,,,,,,0.75,1,1.25,53.13010235,#E88F05,#E88F05,21,-0.25,3. Arabic
o65,online,4,3.75,4,1.75,4,4,4,1,4,,18,Female,,,,,,0.98125,0.60625,1.153425604,31.70919859,#A1C0A6,#A1C0A6,21,0.375,1. English
o66,online,3.66666667,3.25,4,3.5,4,4,4,3,5,,18,Male,,,,,,0.927083334,0.8875,1.283409427,43.75034766,#E1BA1C,#E1BA1C,21,0.039583334,2. Bilingual
o67,online,3.33333333,3,3.66666667,3.25,4,4,4,3,4.75,,18,Female,,,,,,0.891666667,0.852083334,1.233335093,43.6996023,#E1BB1E,#E1BB1E,21,0.039583333,2. Bilingual
o68,online,4,4,3.66666667,3.5,4,4,4,3,4,,18,Female,,,,,,1,0.870833334,1.326028165,41.05043437,#DCC846,#DCC846,21,0.129166667,2. Bilingual
o69,online,3.33333333,3.25,2,1.5,4,4,2,1,3.75,,18,Female,,,,,,0.910416667,0.3875,0.989451745,23.05602459,#6CB0C0,#6CB0C0,21,0.522916667,1. English
o70,online,2,2.75,3,2.75,2,3,3,2,4.5,,18,Female,,,,,,0.63125,0.65625,0.910571592,46.11239962,#E4AC0C,#E4AC0C,21,-0.025,2. Bilingual
o71,online,4,4,3.33333333,2.5,4,4,3,1,4.75,,18,Female,,,,,,1,0.579166667,1.155609808,30.07799253,#99BDAD,#99BDAD,21,0.420833334,1. English
o72,online,4,3.75,2,1.75,4,4,3,2,5,,18,Female,,,,,,0.98125,0.53125,1.115830688,28.43117082,#8FB9B6,#8FB9B6,21,0.45,1. English
o73,online,4,4,0.66666667,0.75,4,4,1,0,4.25,,18,Female,,,,,,1,0.139583334,1.009694759,7.946194745,#409CB3,#409CB3,21,0.860416667,1. English
o74,online,3.33333333,2.75,1.66666667,1,4,4,2,0,5,,18,Female,,,,,,0.872916667,0.258333334,0.910340386,16.48573619,#4EA3B7,#4EA3B7,21,0.614583333,1. English
o76,online,4,4,3,1,4,4,3,1,5,,18,Female,,,,,,1,0.45,1.09658561,24.22774532,#75B3BE,#75B3BE,21,0.55,1. English
o77,online,4,4,3.33333333,3.5,4,4,3,3,5,,18,Female,,,,,,1,0.804166667,1.283231868,38.80508121,#CAC96B,#CAC96B,21,0.195833334,2. Bilingual
o78,online,3,3,2.66666667,2.75,3,3,2,2,5,,18,Male,,,,,,0.75,0.589583334,0.953996073,38.17128174,#C1C878,#C1C878,21,0.160416667,2. Bilingual
o79,online,3.33333333,4,2,2.25,3,4,2,2,4.5,,18,Female,,,,,,0.916666667,0.51875,1.053270782,29.50591599,#96BCB0,#96BCB0,21,0.397916667,1. English
o81,online,4,4,2.33333333,2.75,4,4,3,3,5,,18,Male,,,,,,1,0.697916667,1.219462043,34.91183021,#B3C58F,#B3C58F,21,0.302083334,2. Bilingual
o82,online,2.33333333,2.75,3.33333333,3,3,3,4,2,4.75,,18,Female,,,,,,0.697916667,0.741666667,1.018409111,46.74072525,#E4A70A,#E4A70A,21,-0.04375,3. Arabic
o83,online,4,3.5,2.666666667,2.75,4,4,2,2,4.25,,23,Female,,,,,,0.9625,0.589583333,1.128722622,31.48972391,#A0C0A7,#A0C0A7,21,0.372916667,1. English
o84,online,3.66666667,3.75,3,2.25,4,4,3,1,5,,22,Male,,,,,,0.964583334,0.54375,1.107287257,29.41060399,#96BCB1,#96BCB1,21,0.420833334,1. English
o85,online,4,3.75,2,2,4,4,2,2,4.5,,29,Male,,,,,,0.98125,0.5,1.101295402,27.00130503,#89B8B8,#89B8B8,21,0.48125,1. English
o86,online,4,3.5,4,3.75,4,4,4,4,5,,18,Male,,,,,,0.9625,0.98125,1.374502751,45.55267526,#E3B10D,#E3B10D,21,-0.01875,2. Bilingual
o87,online,3.33333333,3,3,2.75,4,4,2,2,5,,18,Female,,,,,,0.891666667,0.60625,1.07824325,34.21204036,#B1C591,#B1C591,21,0.285416667,2. Bilingual
o88,online,4,3.75,4,3,4,4,4,3,4.25,,18,Male,,,,,,0.98125,0.85,1.298210908,40.9004866,#D9CA51,#D9CA51,21,0.13125,2. Bilingual
o89,online,4,3.75,2.66666667,2.25,4,4,2,1,5,,18,Female,,,,,,0.98125,0.477083334,1.091082064,25.9290012,#82B6BA,#82B6BA,21,0.504166667,1. English
o90,online,3.66666667,4,2.33333333,1.5,4,4,2,1,5,,18,Female,,,,,,0.983333334,0.404166667,1.063153394,22.34349311,#66AEBE,#66AEBE,21,0.579166667,1. English
o91,online,3,3,4,4,3,3,4,4,5,,19,Female,,,,,,0.75,1,1.25,53.13010235,#E88F05,#E88F05,21,-0.25,3. Arabic
o92,online,3,3.5,2.33333333,2,3,4,2,2,4.75,,19,Female,,,,,,0.8625,0.516666667,1.005410709,30.92303458,#9DBFA9,#9DBFA9,21,0.345833334,1. English
o93,online,4,4,2.33333333,1.5,4,4,2,1,4.25,,18,Female,,,,,,1,0.404166667,1.078587361,22.00691713,#62ACBD,#62ACBD,21,0.595833334,1. English
o94,online,2.66666667,3,2,1.75,3,3,2,1,3.5,,19,Other,,,,,,0.733333334,0.40625,0.838341721,28.98545643,#93BBB3,#93BBB3,21,0.327083334,1. English
o95,online,3.33333333,4,4,4,4,4,4,4,5,,18,Female,,,,,,0.966666667,1,1.39084307,45.97102194,#E4AD0C,#E4AD0C,21,-0.033333333,2. Bilingual
o96,online,3.66666667,3.75,3.66666667,3.5,4,4,4,3,5,,21,Female,,,,,,0.964583334,0.870833334,1.299527492,42.075969,#DEC43B,#DEC43B,21,0.09375,2. Bilingual
o97,online,3.33333333,2,3.66666667,2.75,3,3,4,2,5,,19,Male,,,,,,0.691666667,0.739583334,1.012613591,46.91748315,#E5A409,#E5A409,21,-0.047916667,3. Arabic
o98,online,4,4,0.66666667,0,4,4,1,0,5,,37,Female,,,,,,1,0.083333334,1.003466215,4.7636417,#3C9AB2,#3C9AB2,21,0.916666667,1. English
o99,online,3.33333333,3.75,3,1,4,4,4,0,3.75,,19,Female,,,,,,0.947916667,0.425,1.038831558,24.14915752,#73B3BF,#73B3BF,21,0.522916667,1. English
o100,online,3.33333333,3.25,4,4,4,4,4,4,4.75,,18,Female,,,,,,0.910416667,1,1.352352952,47.6847493,#E69F07,#E69F07,21,-0.089583334,3. Arabic
o101,online,4,4,4,4,4,4,4,4,5,,18,Female,,,,,,1,1,1.414213562,45,#E3B40F,#E3B40F,21,0,2. Bilingual
o102,online,3.66666667,3.75,3.33333333,2.5,4,4,2,1,4.75,,18,Male,,,,,,0.964583334,0.529166667,1.10019924,28.74900139,#91BAB5,#91BAB5,21,0.435416667,1. English
o103,online,4,4,2.33333333,2,4,4,2,1,4.75,,17,Female,,,,,,1,0.441666667,1.093192318,23.82944947,#72B2BF,#72B2BF,21,0.558333334,1. English
o104,online,3.66666667,3.75,3.33333333,3,4,4,4,2,3.5,,18,Female,,,,,,0.964583334,0.741666667,1.216754064,37.55662923,#BBC783,#BBC783,21,0.222916667,2. Bilingual
o105,online,4,4,3.33333333,3.5,4,4,3,3,4.25,,18,Male,,,,,,1,0.804166667,1.283231868,38.80508121,#CAC96B,#CAC96B,21,0.195833334,2. Bilingual
o106,online,3,3.25,2.33333333,1.75,3,3,2,1,4.75,,18,Male,,,,,,0.76875,0.422916667,0.877402456,28.81675397,#92BAB4,#92BAB4,21,0.345833334,1. English
o107,online,3.66666667,3,4,3,4,4,4,2,5,,18,Male,,,,,,0.908333334,0.775,1.194024474,40.47117576,#D4CA59,#D4CA59,21,0.133333334,2. Bilingual
o108,online,3,3,3,3,3,3,3,3,5,,18,Male,,,,,,0.75,0.75,1.060660172,45,#E3B40F,#E3B40F,21,0,2. Bilingual
o109,online,4,4,1.66666667,1.5,4,4,2,1,4,,18,Male,,,,,,1,0.370833334,1.066544589,20.34645941,#58A7BA,#58A7BA,21,0.629166667,1. English
o110,online,4,4,0,0,4,4,0,0,4.75,,22,Female,,,,,,1,0,1,0,#3A9AB2,#3A9AB2,21,1,1. English
o111,online,3.66666667,3.5,2.33333333,2,4,4,2,1,5,,18,Female,,,,,,0.945833334,0.441666667,1.043872664,25.03070967,#7BB4BC,#7BB4BC,21,0.504166667,1. English
o112,online,4,3.75,3.33333333,2,4,4,3,1,5,,19,Female,,,,,,0.98125,0.541666667,1.120827525,28.89944349,#92BAB4,#92BAB4,21,0.439583334,1. English
o113,online,3.33333333,3.5,2,2.5,4,4,2,1,5,,22,Female,,,,,,0.929166667,0.4625,1.037909892,26.46218634,#86B7B9,#86B7B9,21,0.466666667,1. English
o114,online,4,4,0,0,4,4,0,0,5,,27,Female,,,,,,1,0,1,0,#3A9AB2,#3A9AB2,21,1,1. English
o115,online,4,3.75,3.66666667,3.25,4,4,4,3,4.5,,20,Male,,,,,,0.98125,0.852083334,1.299575919,40.96991134,#DCCA4B,#DCCA4B,21,0.129166667,2. Bilingual
o116,online,3.33333333,3.25,4,3.5,4,4,4,4,5,,19,Male,,,,,,0.910416667,0.9625,1.324864052,46.59290927,#E4AA0B,#E4AA0B,21,-0.052083334,3. Arabic
o117,online,3.66666667,3.25,3,1.75,4,4,4,0,4,,20,Male,,,,,,0.927083334,0.48125,1.044550176,27.43387686,#8DB9B7,#8DB9B7,21,0.445833334,1. English
o118,online,4,3.5,2.33333333,2.75,4,4,2,2,5,,20,Male,,,,,,0.9625,0.572916667,1.120107029,30.76271953,#9CBEAB,#9CBEAB,21,0.389583334,1. English
o119,online,3.66666667,3.75,2.66666667,1.75,4,4,2,1,5,,19,Male,,,,,,0.964583334,0.439583334,1.060025714,24.49987127,#76B3BE,#76B3BE,21,0.525,1. English
o120,online,3,3,4,4,3,3,4,4,5,,20,Male,,,,,,0.75,1,1.25,53.13010235,#E88F05,#E88F05,21,-0.25,3. Arabic
o121,online,2.33333333,3,4,3.5,3,4,4,3,5,,18,Female,,,,,,0.791666667,0.8875,1.189282288,48.26643904,#E69D06,#E69D06,21,-0.095833334,3. Arabic
o122,online,3.33333333,3.75,2.33333333,2,4,4,2,1,4.75,,18,Female,,,,,,0.947916667,0.441666667,1.045760704,24.98241533,#7AB4BD,#7AB4BD,21,0.50625,1. English
o123,online,2.66666667,4,3.66666667,2.5,3,4,3,1,4.5,,18,Female,,,,,,0.883333334,0.595833334,1.065502294,34.00077912,#AFC494,#AFC494,21,0.2875,2. Bilingual
o124,online,4,4,2,2.25,4,4,2,2,5,,18,Female,,,,,,1,0.51875,1.126544079,27.41802706,#8CB8B7,#8CB8B7,21,0.48125,1. English
o125,online,4,4,1.33333333,1.5,4,4,1,0,5,,19,Female,,,,,,1,0.229166667,1.025922688,12.90740866,#449EB4,#449EB4,21,0.770833334,1. English
o126,online,4,4,0,0,4,4,0,0,4.75,,23,Female,,,,,,1,0,1,0,#3A9AB2,#3A9AB2,21,1,1. English
o127,online,3.33333333,3.25,4,4,4,4,4,4,5,,34,Female,,,,,,0.910416667,1,1.352352952,47.6847493,#E69F07,#E69F07,21,-0.089583334,3. Arabic
o128,online,4,3.5,2,2.5,4,3,1,1,4.25,,18,Female,,,,,,0.8875,0.4125,0.978678957,24.92847414,#79B4BD,#79B4BD,21,0.475,1. English
o129,online,4,2.5,2.66666667,2.75,4,3,3,3,5,,18,Female,,,,,,0.8125,0.714583334,1.082028461,41.33121392,#DDC744,#DDC744,21,0.097916667,2. Bilingual
o130,online,1.66666667,3,3.33333333,3.5,3,0,3,3,5,,18,Female,,,,,,0.458333334,0.804166667,0.925609784,60.31910055,#ED6C04,#ED6C04,21,-0.345833333,3. Arabic
o131,online,2.66666667,2.25,2,2.75,3,3,2,3,4.75,,19,Male,,,,,,0.677083334,0.63125,0.925698873,42.99364349,#E0BD23,#E0BD23,21,0.045833334,2. Bilingual
o132,online,3,3.25,4,3,3,4,4,2,5,,21,Male,,,,,,0.84375,0.775,1.145660972,42.56805005,#DFC131,#DFC131,21,0.06875,2. Bilingual
o133,online,2.66666667,3,4,4,3,3,4,4,4.25,,18,Female,,,,,,0.733333334,1,1.240071683,53.74616226,#E98905,#E98905,21,-0.266666667,3. Arabic
o134,online,4,3.75,3,1,4,4,3,0,4.75,,16,Female,,,,,,0.98125,0.375,1.050464927,20.91513663,#5CA9BB,#5CA9BB,21,0.60625,1. English
o135,online,2.66666667,2.25,4,3.25,3,3,4,4,5,,17,Female,,,,,,0.677083334,0.94375,1.161510182,54.34285661,#E98605,#E98605,21,-0.266666667,3. Arabic
o136,online,2.66666667,3.5,2.33333333,2.5,3,4,2,1,5,,20,Male,,,,,,0.845833334,0.479166667,0.972128964,29.53166033,#98BCAF,#98BCAF,21,0.366666667,1. English
o137,online,2.66666667,3.5,3,3,2,4,3,2,5,,18,Male,,,,,,0.795833334,0.675,1.043539982,40.303528,#D2CA5D,#D2CA5D,21,0.120833334,2. Bilingual
o138,online,3,2.25,2,2,3,2,2,2,5,,19,Male,,,,,,0.61875,0.5,0.795519681,38.94101228,#CBC969,#CBC969,21,0.11875,2. Bilingual
o139,online,4,3.25,4,1.75,4,4,4,1,4.75,,20,Male,,,,,,0.94375,0.60625,1.121696539,32.71604456,#A6C2A1,#A6C2A1,21,0.3375,1. English
o140,online,2,3.5,3.33333333,4,2,4,4,4,3,,21,Female,,,,,,0.7625,0.966666667,1.231198885,51.73386691,#E79505,#E79505,21,-0.204166667,3. Arabic
o141,online,4,4,3.33333333,2.75,4,4,3,2,5,,19,Female,,,,,,1,0.672916667,1.20532852,33.93726734,#ADC496,#ADC496,21,0.327083334,1. English
o142,online,4,4,4,4,4,4,4,4,4.5,,18,Female,,,,,,1,1,1.414213562,45,#E3B40F,#E3B40F,21,0,2. Bilingual
o143,online,3,3.25,2.66666667,2.5,4,4,3,1,3,,18,Female,,,,,,0.89375,0.545833334,1.047245478,31.41335595,#9FBFA7,#9FBFA7,21,0.347916667,1. English
o144,online,3.33333333,3.5,3.66666667,2.75,4,4,4,2,5,,18,Female,,,,,,0.929166667,0.739583334,1.187574925,38.51853129,#C4C874,#C4C874,21,0.189583333,2. Bilingual
o145,online,3.66666667,3.5,4,4,4,4,4,4,5,,17,Female,,,,,,0.945833334,1,1.376444948,46.59454566,#E4A90B,#E4A90B,21,-0.054166667,3. Arabic
o147,online,2.66666667,2.75,3.66666667,3.75,3,3,4,4,5,,19,Male,,,,,,0.714583334,0.964583334,1.200437565,53.46818529,#E98B05,#E98B05,21,-0.25,3. Arabic
o149,online,4,3.75,2.66666667,3,4,4,3,2,5,,20,Male,,,,,,0.98125,0.658333334,1.181632066,33.85817203,#ABC399,#ABC399,21,0.322916667,1. English
o150,online,3.33333333,2.75,3.33333333,3,4,3,3,2,4,,18,Female,,,,,,0.797916667,0.691666667,1.055970541,40.92007806,#DACA4F,#DACA4F,21,0.10625,2. Bilingual
o151,online,4,4,0,0,4,4,0,0,5,,60,Male,,,,,,1,0,1,0,#3A9AB2,#3A9AB2,21,1,1. English
o152,online,4,4,4,4,4,4,4,4,4.5,,19,Female,,,,,,1,1,1.414213562,45,#E3B40F,#E3B40F,21,0,2. Bilingual
o154,online,4,3.75,3.66666667,3.75,4,4,4,4,4.5,,18,Female,,,,,,0.98125,0.964583334,1.375962416,44.50925586,#E2B710,#E2B710,21,0.016666666,2. Bilingual
o156,online,4,3.75,3,1.75,4,4,3,1,4.5,,18,Female,,,,,,0.98125,0.50625,1.104147012,27.29027548,#8BB8B7,#8BB8B7,21,0.475,1. English
o158,online,4,3.75,3.33333333,3,4,4,3,2,4.75,,18,Female,,,,,,0.98125,0.691666667,1.200522528,35.17936711,#B4C58C,#B4C58C,21,0.289583334,2. Bilingual
o160,online,4,4,0,0,4,4,0,0,5,,36,Female,,,,,,1,0,1,0,#3A9AB2,#3A9AB2,21,1,1. English
o161,online,2.66666667,2.25,4,3.75,3,2,4,4,5,,18,Female,,,,,,0.602083334,0.98125,1.151241027,58.46721656,#EC7204,#EC7204,21,-0.379166667,3. Arabic
o162,online,4,4,3.33333333,4,4,4,3,4,5,,18,Female,,,,,,1,0.916666667,1.356568383,42.51044707,#DEC233,#DEC233,21,0.083333333,2. Bilingual
o163,online,2.66666667,2.5,4,2.25,3,3,4,2,5,,27,Female,,,,,,0.695833334,0.71875,1.000392718,45.92812731,#E4AE0D,#E4AE0D,21,-0.022916667,2. Bilingual
o164,online,4,4,3,3.25,4,4,3,3,3.75,,24,Female,,,,,,1,0.76875,1.261339194,37.55128213,#BAC784,#BAC784,21,0.23125,2. Bilingual
o166,online,2.66666667,2.75,3,2.5,3,3,3,2,5,,20,Male,,,,,,0.714583334,0.6375,0.957619753,41.73705463,#DDC53D,#DDC53D,21,0.077083334,2. Bilingual
o167,online,4,4,4,4,4,4,4,4,3.25,,21,Female,,,,,,1,1,1.414213562,45,#E3B40F,#E3B40F,21,0,2. Bilingual
o169,online,3.66666667,3.25,3.33333333,3.25,4,3,3,3,5,,18,Female,,,,,,0.852083334,0.785416667,1.158846559,42.6686349,#E0BF2A,#E0BF2A,21,0.066666667,2. Bilingual
o170,online,1.66666667,1.5,2,2,2,2,2,2,5,,18,Female,,,,,,0.445833334,0.5,0.669901009,48.27767594,#E69C06,#E69C06,24,-0.054166667,3. Arabic